"initial_alias","converted_alias","name","description","namespace"
"WARS","None","None","None",""
"FCGR1B","None","None","None",""
"GBP5","ENSG00000154451","GBP5","guanylate binding protein 5 [Source:HGNC Symbol;Acc:HGNC:19895]","ENTREZGENE,GENECARDS,HGNC,UNIPROT_GN,WIKIGENE"
"WARS","None","None","None",""
"FCGR1A","ENSG00000150337","FCGR1A","Fc gamma receptor Ia [Source:HGNC Symbol;Acc:HGNC:3613]","ENTREZGENE,GENECARDS,HGNC,UNIPROT_GN,WIKIGENE"
"BATF2","ENSG00000168062","BATF2","basic leucine zipper ATF-like transcription factor 2 [Source:HGNC Symbol;Acc:HGNC:25163]","ENTREZGENE,GENECARDS,HGNC,UNIPROT_GN,WIKIGENE"
"FCGR1B","None","None","None",""
"PSTPIP2","ENSG00000152229","PSTPIP2","proline-serine-threonine phosphatase interacting protein 2 [Source:HGNC Symbol;Acc:HGNC:9581]","ENTREZGENE,GENECARDS,HGNC,UNIPROT_GN,WIKIGENE"
"STAT1","ENSG00000115415","STAT1","signal transducer and activator of transcription 1 [Source:HGNC Symbol;Acc:HGNC:11362]","ENTREZGENE,GENECARDS,HGNC,UNIPROT_GN,WIKIGENE"
"VAMP5","ENSG00000168899","VAMP5","vesicle associated membrane protein 5 [Source:HGNC Symbol;Acc:HGNC:12646]","ENTREZGENE,GENECARDS,HGNC,UNIPROT_GN,WIKIGENE"
"SERPING1","ENSG00000149131","SERPING1","serpin family G member 1 [Source:HGNC Symbol;Acc:HGNC:1228]","ENTREZGENE,GENECARDS,HGNC,UNIPROT_GN,WIKIGENE"
"GBP2","ENSG00000162645","GBP2","guanylate binding protein 2 [Source:HGNC Symbol;Acc:HGNC:4183]","ENTREZGENE,GENECARDS,HGNC,UNIPROT_GN,WIKIGENE"
"UBE2L6","ENSG00000156587","UBE2L6","ubiquitin conjugating enzyme E2 L6 [Source:HGNC Symbol;Acc:HGNC:12490]","ENTREZGENE,GENECARDS,HGNC,UNIPROT_GN,WIKIGENE"
"TYMP","ENSG00000025708","TYMP","thymidine phosphorylase [Source:HGNC Symbol;Acc:HGNC:3148]","ENTREZGENE,GENECARDS,HGNC,UNIPROT_GN,WIKIGENE"
"GBP1","ENSG00000117228","GBP1","guanylate binding protein 1 [Source:HGNC Symbol;Acc:HGNC:4182]","ENTREZGENE,GENECARDS,HGNC,UNIPROT_GN,WIKIGENE"
"ASPHD2","ENSG00000128203","ASPHD2","aspartate beta-hydroxylase domain containing 2 [Source:HGNC Symbol;Acc:HGNC:30437]","ENTREZGENE,GENECARDS,HGNC,UNIPROT_GN,WIKIGENE"
"SMCO4","ENSG00000166002","SMCO4","single-pass membrane protein with coiled-coil domains 4 [Source:HGNC Symbol;Acc:HGNC:24810]","ENTREZGENE,GENECARDS,HGNC,UNIPROT_GN,WIKIGENE"
"ANKRD22","ENSG00000152766","ANKRD22","ankyrin repeat domain 22 [Source:HGNC Symbol;Acc:HGNC:28321]","ENTREZGENE,GENECARDS,HGNC,UNIPROT_GN,WIKIGENE"
"GBP1P1","ENSG00000225492","GBP1P1","guanylate binding protein 1 pseudogene 1 [Source:HGNC Symbol;Acc:HGNC:39561]","ENTREZGENE,GENECARDS,HGNC,WIKIGENE"
"GBP1P1","ENSG00000290525","GBP1P1","guanylate binding protein 1 pseudogene 1 [Source:HGNC Symbol;Acc:HGNC:39561]","ENTREZGENE,GENECARDS,HGNC,WIKIGENE"
"UBE2L6","ENSG00000156587","UBE2L6","ubiquitin conjugating enzyme E2 L6 [Source:HGNC Symbol;Acc:HGNC:12490]","ENTREZGENE,GENECARDS,HGNC,UNIPROT_GN,WIKIGENE"
"SORT1","ENSG00000134243","SORT1","sortilin 1 [Source:HGNC Symbol;Acc:HGNC:11186]","ENTREZGENE,GENECARDS,HGNC,UNIPROT_GN,WIKIGENE"
"LOC100419583","None","None","None",""
"MCTP1","ENSG00000175471","MCTP1","multiple C2 and transmembrane domain containing 1 [Source:HGNC Symbol;Acc:HGNC:26183]","ENTREZGENE,GENECARDS,HGNC,UNIPROT_GN,WIKIGENE"
"GBP1","ENSG00000117228","GBP1","guanylate binding protein 1 [Source:HGNC Symbol;Acc:HGNC:4182]","ENTREZGENE,GENECARDS,HGNC,UNIPROT_GN,WIKIGENE"
"STAT1","ENSG00000115415","STAT1","signal transducer and activator of transcription 1 [Source:HGNC Symbol;Acc:HGNC:11362]","ENTREZGENE,GENECARDS,HGNC,UNIPROT_GN,WIKIGENE"
"AIM2","ENSG00000163568","AIM2","absent in melanoma 2 [Source:HGNC Symbol;Acc:HGNC:357]","ENTREZGENE,GENECARDS,HGNC,UNIPROT_GN,WIKIGENE"
"IGFLR1","ENSG00000126246","IGFLR1","IGF like family receptor 1 [Source:HGNC Symbol;Acc:HGNC:23620]","ENTREZGENE,GENECARDS,HGNC,UNIPROT_GN,WIKIGENE"
"H2AFJ","None","None","None",""
"GBP4","ENSG00000162654","GBP4","guanylate binding protein 4 [Source:HGNC Symbol;Acc:HGNC:20480]","ENTREZGENE,GENECARDS,HGNC,UNIPROT_GN,WIKIGENE"
"LHFPL2","ENSG00000145685","LHFPL2","LHFPL tetraspan subfamily member 2 [Source:HGNC Symbol;Acc:HGNC:6588]","ENTREZGENE,GENECARDS,HGNC,UNIPROT_GN,WIKIGENE"
"SEPT4","None","None","None",""
"AGFG1","ENSG00000173744","AGFG1","ArfGAP with FG repeats 1 [Source:HGNC Symbol;Acc:HGNC:5175]","ENTREZGENE,GENECARDS,HGNC,UNIPROT_GN,WIKIGENE"
"LAP3","ENSG00000002549","LAP3","leucine aminopeptidase 3 [Source:HGNC Symbol;Acc:HGNC:18449]","ENTREZGENE,GENECARDS,HGNC,UNIPROT_GN,WIKIGENE"
"DUSP3","ENSG00000108861","DUSP3","dual specificity phosphatase 3 [Source:HGNC Symbol;Acc:HGNC:3069]","ENTREZGENE,GENECARDS,HGNC,UNIPROT_GN,WIKIGENE"
"STAT1","ENSG00000115415","STAT1","signal transducer and activator of transcription 1 [Source:HGNC Symbol;Acc:HGNC:11362]","ENTREZGENE,GENECARDS,HGNC,UNIPROT_GN,WIKIGENE"
"TLR5","ENSG00000187554","TLR5","toll like receptor 5 [Source:HGNC Symbol;Acc:HGNC:11851]","ENTREZGENE,GENECARDS,HGNC,UNIPROT_GN,WIKIGENE"
"SOCS1","ENSG00000185338","SOCS1","suppressor of cytokine signaling 1 [Source:HGNC Symbol;Acc:HGNC:19383]","ENTREZGENE,GENECARDS,HGNC,UNIPROT_GN,WIKIGENE"
"FBXO6","ENSG00000116663","FBXO6","F-box protein 6 [Source:HGNC Symbol;Acc:HGNC:13585]","ENTREZGENE,GENECARDS,HGNC,UNIPROT_GN,WIKIGENE"
"SCO2","ENSG00000284194","SCO2","synthesis of cytochrome C oxidase 2 [Source:HGNC Symbol;Acc:HGNC:10604]","ENTREZGENE,GENECARDS,HGNC,UNIPROT_GN,WIKIGENE"
"UPP1","ENSG00000183696","UPP1","uridine phosphorylase 1 [Source:HGNC Symbol;Acc:HGNC:12576]","ENTREZGENE,GENECARDS,HGNC,UNIPROT_GN,WIKIGENE"
"RHBDF2","ENSG00000129667","RHBDF2","rhomboid 5 homolog 2 [Source:HGNC Symbol;Acc:HGNC:20788]","ENTREZGENE,GENECARDS,HGNC,UNIPROT_GN,WIKIGENE"
"TPM4","ENSG00000167460","TPM4","tropomyosin 4 [Source:HGNC Symbol;Acc:HGNC:12013]","ENTREZGENE,GENECARDS,HGNC,UNIPROT_GN,WIKIGENE"
"GBP6","ENSG00000183347","GBP6","guanylate binding protein family member 6 [Source:HGNC Symbol;Acc:HGNC:25395]","ENTREZGENE,GENECARDS,HGNC,UNIPROT_GN,WIKIGENE"
"IFI35","ENSG00000068079","IFI35","interferon induced protein 35 [Source:HGNC Symbol;Acc:HGNC:5399]","ENTREZGENE,GENECARDS,HGNC,UNIPROT_GN,WIKIGENE"
"CYB5R3","ENSG00000100243","CYB5R3","cytochrome b5 reductase 3 [Source:HGNC Symbol;Acc:HGNC:2873]","ENTREZGENE,GENECARDS,HGNC,UNIPROT_GN,WIKIGENE"
"RHBDF2","ENSG00000129667","RHBDF2","rhomboid 5 homolog 2 [Source:HGNC Symbol;Acc:HGNC:20788]","ENTREZGENE,GENECARDS,HGNC,UNIPROT_GN,WIKIGENE"
"FLVCR2","ENSG00000119686","FLVCR2","FLVCR choline and putative heme transporter 2 [Source:HGNC Symbol;Acc:HGNC:20105]","ENTREZGENE,GENECARDS,HGNC,UNIPROT_GN,WIKIGENE"
"PLSCR1","ENSG00000188313","PLSCR1","phospholipid scramblase 1 [Source:HGNC Symbol;Acc:HGNC:9092]","ENTREZGENE,GENECARDS,HGNC,UNIPROT_GN,WIKIGENE"
"SMARCD3","ENSG00000082014","SMARCD3","SWI/SNF related, matrix associated, actin dependent regulator of chromatin, subfamily d, member 3 [Source:HGNC Symbol;Acc:HGNC:11108]","ENTREZGENE,GENECARDS,HGNC,UNIPROT_GN,WIKIGENE"
"ATG3","ENSG00000144848","ATG3","autophagy related 3 [Source:HGNC Symbol;Acc:HGNC:20962]","ENTREZGENE,GENECARDS,HGNC,UNIPROT_GN,WIKIGENE"
"VPS9D1","ENSG00000075399","VPS9D1","VPS9 domain containing 1 [Source:HGNC Symbol;Acc:HGNC:13526]","ENTREZGENE,GENECARDS,HGNC,UNIPROT_GN,WIKIGENE"
"SP100","ENSG00000067066","SP100","SP100 nuclear antigen [Source:HGNC Symbol;Acc:HGNC:11206]","ENTREZGENE,GENECARDS,HGNC,UNIPROT_GN,WIKIGENE"
"CASP5","ENSG00000137757","CASP5","caspase 5 [Source:HGNC Symbol;Acc:HGNC:1506]","ENTREZGENE,GENECARDS,HGNC,UNIPROT_GN,WIKIGENE"
"IRF1","ENSG00000125347","IRF1","interferon regulatory factor 1 [Source:HGNC Symbol;Acc:HGNC:6116]","ENTREZGENE,GENECARDS,HGNC,UNIPROT_GN,WIKIGENE"
"OBFC1","None","None","None",""
"TRAFD1","ENSG00000135148","TRAFD1","TRAF-type zinc finger domain containing 1 [Source:HGNC Symbol;Acc:HGNC:24808]","ENTREZGENE,GENECARDS,HGNC,UNIPROT_GN,WIKIGENE"
"APOL2","ENSG00000128335","APOL2","apolipoprotein L2 [Source:HGNC Symbol;Acc:HGNC:619]","ENTREZGENE,GENECARDS,HGNC,UNIPROT_GN,WIKIGENE"
"TAP1","ENSG00000168394","TAP1","transporter 1, ATP binding cassette subfamily B member [Source:HGNC Symbol;Acc:HGNC:43]","ENTREZGENE,GENECARDS,HGNC,UNIPROT_GN,WIKIGENE"
"MOV10","ENSG00000155363","MOV10","Mov10 RNA helicase [Source:HGNC Symbol;Acc:HGNC:7200]","ENTREZGENE,GENECARDS,HGNC,UNIPROT_GN,WIKIGENE"
"NPC2","ENSG00000119655","NPC2","NPC intracellular cholesterol transporter 2 [Source:HGNC Symbol;Acc:HGNC:14537]","ENTREZGENE,GENECARDS,HGNC,UNIPROT_GN,WIKIGENE"
"LIMK2","ENSG00000182541","LIMK2","LIM domain kinase 2 [Source:HGNC Symbol;Acc:HGNC:6614]","ENTREZGENE,GENECARDS,HGNC,UNIPROT_GN,WIKIGENE"
"IFI30","ENSG00000216490","IFI30","IFI30 lysosomal thiol reductase [Source:HGNC Symbol;Acc:HGNC:5398]","ENTREZGENE,GENECARDS,HGNC,UNIPROT_GN,WIKIGENE"
"ATOX1","ENSG00000177556","ATOX1","antioxidant 1 copper chaperone [Source:HGNC Symbol;Acc:HGNC:798]","ENTREZGENE,GENECARDS,HGNC,UNIPROT_GN,WIKIGENE"
"IGF2BP3","ENSG00000136231","IGF2BP3","insulin like growth factor 2 mRNA binding protein 3 [Source:HGNC Symbol;Acc:HGNC:28868]","ENTREZGENE,GENECARDS,HGNC,UNIPROT_GN,WIKIGENE"
"GK","ENSG00000198814","GK","glycerol kinase [Source:HGNC Symbol;Acc:HGNC:4289]","ENTREZGENE,GENECARDS,HGNC,UNIPROT_GN,WIKIGENE"
"CREBBP","ENSG00000005339","CREBBP","CREB binding protein [Source:HGNC Symbol;Acc:HGNC:2348]","ENTREZGENE,GENECARDS,HGNC,UNIPROT_GN,WIKIGENE"
"SQRDL","None","None","None",""
"TRIM21","ENSG00000132109","TRIM21","tripartite motif containing 21 [Source:HGNC Symbol;Acc:HGNC:11312]","ENTREZGENE,GENECARDS,HGNC,UNIPROT_GN,WIKIGENE"
"MEF2A","ENSG00000068305","MEF2A","myocyte enhancer factor 2A [Source:HGNC Symbol;Acc:HGNC:6993]","ENTREZGENE,GENECARDS,HGNC,UNIPROT_GN,WIKIGENE"
"FRMD3","ENSG00000172159","FRMD3","FERM domain containing 3 [Source:HGNC Symbol;Acc:HGNC:24125]","ENTREZGENE,GENECARDS,HGNC,UNIPROT_GN,WIKIGENE"
"GP6","ENSG00000088053","GP6","glycoprotein VI platelet [Source:HGNC Symbol;Acc:HGNC:14388]","ENTREZGENE,GENECARDS,HGNC,UNIPROT_GN,WIKIGENE"
"CD274","ENSG00000120217","CD274","CD274 molecule [Source:HGNC Symbol;Acc:HGNC:17635]","ENTREZGENE,GENECARDS,HGNC,UNIPROT_GN,WIKIGENE"
"TAP2","ENSG00000204267","TAP2","transporter 2, ATP binding cassette subfamily B member [Source:HGNC Symbol;Acc:HGNC:44]","ENTREZGENE,GENECARDS,HGNC,UNIPROT_GN,WIKIGENE"
"CTSA","ENSG00000064601","CTSA","cathepsin A [Source:HGNC Symbol;Acc:HGNC:9251]","ENTREZGENE,GENECARDS,HGNC,UNIPROT_GN,WIKIGENE"
"TYMP","ENSG00000025708","TYMP","thymidine phosphorylase [Source:HGNC Symbol;Acc:HGNC:3148]","ENTREZGENE,GENECARDS,HGNC,UNIPROT_GN,WIKIGENE"
"IFITM3","ENSG00000142089","IFITM3","interferon induced transmembrane protein 3 [Source:HGNC Symbol;Acc:HGNC:5414]","ENTREZGENE,GENECARDS,HGNC,UNIPROT_GN,WIKIGENE"
"ACTA2","ENSG00000107796","ACTA2","actin alpha 2, smooth muscle [Source:HGNC Symbol;Acc:HGNC:130]","ENTREZGENE,GENECARDS,HGNC,UNIPROT_GN,WIKIGENE"
"APOL2","ENSG00000128335","APOL2","apolipoprotein L2 [Source:HGNC Symbol;Acc:HGNC:619]","ENTREZGENE,GENECARDS,HGNC,UNIPROT_GN,WIKIGENE"
"HIST2H2AC","None","None","None",""
"TPM4","ENSG00000167460","TPM4","tropomyosin 4 [Source:HGNC Symbol;Acc:HGNC:12013]","ENTREZGENE,GENECARDS,HGNC,UNIPROT_GN,WIKIGENE"
"EPSTI1","ENSG00000133106","EPSTI1","epithelial stromal interaction 1 [Source:HGNC Symbol;Acc:HGNC:16465]","ENTREZGENE,GENECARDS,HGNC,UNIPROT_GN,WIKIGENE"
"TNFSF10","ENSG00000121858","TNFSF10","TNF superfamily member 10 [Source:HGNC Symbol;Acc:HGNC:11925]","ENTREZGENE,GENECARDS,HGNC,UNIPROT_GN,WIKIGENE"
"PML","ENSG00000140464","PML","PML nuclear body scaffold [Source:HGNC Symbol;Acc:HGNC:9113]","ENTREZGENE,GENECARDS,HGNC,UNIPROT_GN,WIKIGENE"
"LACTB","ENSG00000103642","LACTB","lactamase beta [Source:HGNC Symbol;Acc:HGNC:16468]","ENTREZGENE,GENECARDS,HGNC,UNIPROT_GN,WIKIGENE"
"RTP4","ENSG00000136514","RTP4","receptor transporter protein 4 [Source:HGNC Symbol;Acc:HGNC:23992]","ENTREZGENE,GENECARDS,HGNC,UNIPROT_GN,WIKIGENE"
"IFITM1","ENSG00000185885","IFITM1","interferon induced transmembrane protein 1 [Source:HGNC Symbol;Acc:HGNC:5412]","ENTREZGENE,GENECARDS,HGNC,UNIPROT_GN,WIKIGENE"
"GYG1","ENSG00000163754","GYG1","glycogenin 1 [Source:HGNC Symbol;Acc:HGNC:4699]","ENTREZGENE,GENECARDS,HGNC,UNIPROT_GN,WIKIGENE"
"TPM3","ENSG00000143549","TPM3","tropomyosin 3 [Source:HGNC Symbol;Acc:HGNC:12012]","ENTREZGENE,GENECARDS,HGNC,UNIPROT_GN,WIKIGENE"
"HIST2H2AA3","None","None","None",""
"TNFAIP6","ENSG00000123610","TNFAIP6","TNF alpha induced protein 6 [Source:HGNC Symbol;Acc:HGNC:11898]","ENTREZGENE,GENECARDS,HGNC,UNIPROT_GN,WIKIGENE"
"GADD45B","ENSG00000099860","GADD45B","growth arrest and DNA damage inducible beta [Source:HGNC Symbol;Acc:HGNC:4096]","ENTREZGENE,GENECARDS,HGNC,UNIPROT_GN,WIKIGENE"
"MYOF","ENSG00000138119","MYOF","myoferlin [Source:HGNC Symbol;Acc:HGNC:3656]","ENTREZGENE,GENECARDS,HGNC,UNIPROT_GN,WIKIGENE"
"HPSE","ENSG00000173083","HPSE","heparanase [Source:HGNC Symbol;Acc:HGNC:5164]","ENTREZGENE,GENECARDS,HGNC,UNIPROT_GN,WIKIGENE"
"SP100","ENSG00000067066","SP100","SP100 nuclear antigen [Source:HGNC Symbol;Acc:HGNC:11206]","ENTREZGENE,GENECARDS,HGNC,UNIPROT_GN,WIKIGENE"
"POLB","ENSG00000070501","POLB","DNA polymerase beta [Source:HGNC Symbol;Acc:HGNC:9174]","ENTREZGENE,GENECARDS,HGNC,UNIPROT_GN,WIKIGENE"
"PSMB9","ENSG00000240065","PSMB9","proteasome 20S subunit beta 9 [Source:HGNC Symbol;Acc:HGNC:9546]","ENTREZGENE,GENECARDS,HGNC,UNIPROT_GN,WIKIGENE"
"H1F0","None","None","None",""
"STK3","ENSG00000104375","STK3","serine/threonine kinase 3 [Source:HGNC Symbol;Acc:HGNC:11406]","ENTREZGENE,GENECARDS,HGNC,UNIPROT_GN,WIKIGENE"
"CASP1","ENSG00000137752","CASP1","caspase 1 [Source:HGNC Symbol;Acc:HGNC:1499]","ENTREZGENE,GENECARDS,HGNC,UNIPROT_GN,WIKIGENE"
"TRIM22","ENSG00000132274","TRIM22","tripartite motif containing 22 [Source:HGNC Symbol;Acc:HGNC:16379]","ENTREZGENE,GENECARDS,HGNC,UNIPROT_GN,WIKIGENE"